Trial,Score_Out_Of_24,Sensitivity,Sensitivity2,QOpts,Spread,MinPts
1,12,0.28092322156731214,0.6465961886278053,0.2730277837277467,15,15
2,12,0.3690537210618645,0.6072619077844923,0.3735926629721019,10,7
3,12,0.10431972055823796,0.4294945874300347,0.18504123643139578,21,16
4,12,0.3033193486787985,0.5328341421061975,0.2564121670464867,18,8
5,12,0.28348289220985434,0.7849032014850952,0.2906747297486579,6,10
6,12,0.38751678178069504,0.5027807753953123,0.34348985095215595,13,7
7,12,0.21383597739853014,0.4316877524470188,0.19763586023673327,2,7
8,12,0.22533470812954057,0.6472304794533973,0.27433327744842007,21,8
9,12,0.3938823930967035,0.6567270027346161,0.2908271709736936,21,12
10,12,0.026413913118756408,0.7113827505153232,0.3504131280062118,16,7
11,12,0.08594425666584984,0.6056681917497111,0.38781318977222157,24,8
12,12,0.1905219794585417,0.5625002602232458,0.17879026979504742,13,13
13,12,0.1508896109781809,0.5452601683387563,0.3516863242143656,16,18
14,12,0.20299828319639981,0.5420344123363554,0.2173135471439757,17,18
15,12,0.055727308301957934,0.5421043071434094,0.3898663105730561,14,10
16,12,0.21822587046230532,0.7516203350882014,0.1560935943422798,12,10
17,12,0.38284917442512656,0.5986309042334933,0.20645457087626312,8,20
18,12,0.21840835745150397,0.6733783777319233,0.3997104407029113,9,19
19,12,0.015971606306449698,0.7028881721441831,0.22445562977969882,23,20
20,12,0.3434272348871818,0.7219466773869699,0.23813005775768004,14,18
21,12,0.38381840137589635,0.5278084492853328,0.3359387698281088,20,18
22,12,0.16563941573993424,0.7552277636132531,0.18379783319661455,12,10
23,12,0.20579037993722904,0.5664105807517283,0.20667680547312692,20,15
24,12,0.32824658641675014,0.636834857632594,0.2769588201893474,19,19
25,12,0.16429515332742792,0.5696810963741246,0.23075205065879362,21,16
26,12,0.3395580917369721,0.6524321273192466,0.39786797409251984,3,20
27,12,0.24583116087300388,0.6788938311878412,0.1696702158237943,10,8
28,12,0.2761747514558657,0.7511120758913671,0.2690337989717246,3,9
29,12,0.3908679487374422,0.5539097771322691,0.2907209722401024,1,7
30,12,0.1589681817300081,0.635087462660092,0.23791226166246268,25,12
31,12,0.3640029115683101,0.480674710048541,0.2682678396339951,4,6
32,12,0.19011344970585156,0.768324863145455,0.26057241759405403,2,7
33,12,0.2261051592576776,0.6605563938323399,0.2648510513502659,24,18
34,12,0.1827582778920501,0.6763258701813929,0.16264228861993124,8,14
35,12,0.19665745212381452,0.6674355346422023,0.3665582211093684,14,18
36,12,0.27280358002713045,0.4860640499189086,0.380076417016865,4,11
37,12,0.11354706867919857,0.6350244370132111,0.15340380868597572,5,12
38,12,0.24559029661309767,0.6946844332129254,0.362343817300287,16,10
39,12,0.3352641357879606,0.4831460938194805,0.2837259836115001,18,7
40,12,0.14257273588449204,0.6231673461149008,0.34238990622621757,11,8
41,12,0.025797963030797507,0.6745969371285759,0.19091771514040726,1,8
42,12,0.026462868915144076,0.42039124576421333,0.3907235808495031,9,12
43,12,0.35995482612644325,0.6603490360431544,0.3943246633812871,3,7
44,12,0.3097357949652404,0.49184406904901407,0.17177918805903433,20,20
45,12,0.3635958867777678,0.5566317368438238,0.34498293927514145,8,5
46,12,0.35111653716662167,0.5339936627634703,0.287896570556869,1,19
47,12,0.04613912463967367,0.621824956720908,0.3221732855718512,13,5
48,12,0.3202835420875051,0.6095448643172199,0.26444361989338155,1,14
49,12,0.39065660400543933,0.5914343327057193,0.21027540647055343,13,16
50,12,0.11202057265740084,0.5126036032355803,0.1504335811038442,24,15
51,12,0.08005093892996938,0.43312767861180035,0.3537930912336841,6,20
52,12,0.24786178955554314,0.7733477948293429,0.2650666380422973,2,10
53,12,0.2290157006434791,0.6307529661231293,0.19477612369097627,1,10
54,12,0.1263955891841237,0.6160502380255916,0.3598940928195602,5,13
55,12,0.18565922939142007,0.6999559089211589,0.22719573307866298,10,15
56,12,0.08706090124797526,0.5927690034974228,0.2628046236703581,13,6
57,12,0.021488625052619243,0.7409803649368673,0.2159441388803112,17,8
58,12,0.022495647456219868,0.5610043937303943,0.2673126274513632,24,14
59,12,0.09955943289276756,0.6036731056590604,0.23010618117299234,24,19
60,12,0.3974748984943162,0.6476194102842346,0.33129390594191577,9,18
61,12,0.10770784800059725,0.5440018343732066,0.27693642936828405,21,8
62,12,0.013300638350067315,0.538684152870542,0.33660107426919367,25,8
63,12,0.29547192878587947,0.6089463588228003,0.3534672119691739,2,9
64,12,0.38558868398972423,0.6130444436557498,0.24676334136459116,11,6
65,12,0.1358936832197711,0.5157931380032557,0.2127523398917498,9,9
66,12,0.15539251197264325,0.5769705743179814,0.16082829545810431,9,17
67,12,0.36021256499659515,0.6271799421745902,0.19027662205598894,18,11
68,12,0.05932558663961067,0.6753849388590571,0.36962015951082516,21,9
69,12,0.12003978281421547,0.4528376886256895,0.30899097657572583,12,15
70,12,0.24370529266298407,0.5799437072696306,0.17823888442926988,11,20
71,12,0.2253723530752855,0.4266590565292557,0.20222493181332718,10,14
72,12,0.11746559149366995,0.5277654526429627,0.2442083333888598,9,17
73,12,0.06707176796242419,0.4800924896783138,0.20688823574580625,11,11
74,12,0.16455685452662408,0.6335832623723091,0.37211987439846106,20,16
75,12,0.07481730111392391,0.6337350353155654,0.18650592342606018,19,9
76,12,0.3448929321431632,0.645608635116705,0.35948932358108937,21,14
77,12,0.12118781172493445,0.5857281397234775,0.16253538423586855,21,14
78,12,0.19057375874453963,0.5220299477390568,0.37078767595304757,8,12
79,12,0.19658908044571943,0.5824828592731063,0.3770038630698389,20,14
80,12,0.33521290640570073,0.4284299160559257,0.16127590196404704,22,17
81,12,0.22840933226284388,0.5096830721181196,0.2787702016370739,10,6
82,12,0.0840087130085749,0.687880092027854,0.19834241155625643,21,14
83,12,0.359114930435532,0.5191153423744731,0.21901750196369868,25,8
84,12,0.2256576546886671,0.759287012227725,0.35862861412265834,22,13
85,12,0.21974218271076854,0.76590986069984,0.27912041230319407,3,11
86,12,0.31090009675449787,0.7980693092883488,0.28832621951605975,2,14
87,12,0.36332103232983115,0.6267461375672219,0.3234329768318644,21,10
88,12,0.2097290196271581,0.5152124104712796,0.3123088151324608,17,19
89,12,0.02218835606372202,0.4569840540400927,0.32070014235500643,14,8
90,12,0.3996796987560701,0.5950020313957249,0.21194441032079606,21,13
91,12,0.27435343577397997,0.46991205213550424,0.16254531844625644,21,9
92,12,0.086454050013392,0.7252079900529094,0.2711623332948831,1,5
93,12,0.36981923896855284,0.5728114095723577,0.3584620846111607,2,19
94,12,0.13292465782054022,0.571735857472363,0.22875522794936184,6,17
95,12,0.1602834268232025,0.7565517337903764,0.3546138044759669,1,12
96,12,0.22202832316713084,0.41521582223829123,0.3037973492000348,20,16
97,12,0.30628651676758895,0.5647616521961445,0.3679623672890221,11,17
98,12,0.29853608087869987,0.604851071328245,0.2874517434117253,7,19
99,12,0.25731455832471917,0.5440707751253234,0.29074389645417587,13,11
100,12,0.1474141965635811,0.5931308709421871,0.18062107552487508,2,10
101,12,0.3867378421115894,0.6962763341058322,0.2770351907186691,10,16
102,12,0.2054183148135417,0.4482889267688903,0.331932385298935,22,12
103,12,0.18151172924930495,0.7541203874405891,0.19958079785578373,19,11
104,12,0.28118683991133464,0.6606124828846889,0.23473814182996158,10,16
105,12,0.09282371840560341,0.47411939274309645,0.2466486913060578,15,12
106,12,0.11341754852662037,0.7386441236120997,0.28873941844302575,5,11
107,12,0.13761882364005934,0.4180792746101405,0.307781424890873,3,18
108,12,0.22816409950565128,0.47820565653779035,0.18297013809848595,21,6
109,12,0.16659891400513674,0.5247646789917296,0.2562876383092371,5,14
110,12,0.31175510440107224,0.7481641605588891,0.3940419185398607,16,17
111,12,0.3364328953148572,0.4418969602762027,0.23263377287236087,25,11
112,12,0.08980921775878035,0.6473389751607189,0.2577420238084437,1,9
113,12,0.1045408455166386,0.7089291426388928,0.2682324485110406,10,11
114,12,0.20089872695568725,0.4142640311379154,0.20867190602709268,17,9
115,12,0.21583713233158017,0.47322861434065056,0.28381833814112,2,5
116,12,0.36656168543716056,0.5923358317673508,0.3609210024000703,18,17
117,12,0.025355249360466115,0.4453899343307589,0.27994715266588144,22,12
118,12,0.07857049448058404,0.4803381260058979,0.27400243285069914,8,13
119,12,0.06249858122512887,0.47528550179097134,0.34992990433938187,18,10
120,12,0.010654688256357094,0.4829214918843174,0.16297273858449177,25,18
121,12,0.16853913173616808,0.5878293656606017,0.33167288045907667,2,20
122,12,0.2596136263487556,0.5454962138606353,0.20580905788706966,13,13
123,12,0.1542435840204703,0.5607435644147755,0.2698827778463469,1,16
124,12,0.20728418347130514,0.5732694452128102,0.3560812167071419,7,17
125,12,0.34049807658921666,0.5908617813713846,0.2125568106211693,19,11
126,12,0.17389935777425194,0.5705522953498077,0.35785828904257777,14,8
127,12,0.09361546047067108,0.621351100135284,0.2110620625480217,5,8
128,12,0.2908516254957812,0.5859567749892631,0.22545487828671062,5,12
129,12,0.369338366130655,0.6870121627189132,0.1629574483595821,23,17
130,12,0.24902883040641466,0.7396179061403979,0.3106728554317888,14,20
131,12,0.3920684809890688,0.7909429384153104,0.36946507188534417,23,19
132,12,0.031224160925814384,0.4777949640556491,0.2911127422101901,11,8
133,12,0.3349775443436966,0.769982637642199,0.24172101332351695,13,15
134,12,0.34754622646621697,0.736982679492834,0.18132510542633,9,20
135,12,0.14480783028557054,0.5777748577629478,0.3276902894189989,11,11
136,12,0.10986704733675819,0.588101909381739,0.17239536148372359,23,13
137,12,0.1512262339060239,0.6897706270983224,0.17570169938111935,8,11
138,12,0.2521189503080448,0.7176660795381589,0.3601799566472092,7,18
139,12,0.03082868031958892,0.6795759783203008,0.15127613261276238,19,7
140,12,0.15824590414008544,0.49989447948307963,0.28833062235402995,13,18
141,12,0.2654425572071026,0.5595745212779574,0.3650919595104927,22,11
142,12,0.06993584228801275,0.7468651517687058,0.31537746136084466,22,11
143,12,0.06505298631099461,0.7730484087337585,0.24638284090526838,23,19
144,12,0.022605095618237564,0.5135413777996276,0.37692665432529776,5,6
145,12,0.0022556756311121716,0.7631237199533779,0.34758910045838975,22,13
146,12,0.3857353270566276,0.6382375573127558,0.2526944739834065,4,18
147,12,0.08184174131394592,0.664469115241914,0.3359157426240932,6,13
148,12,0.1309930607753515,0.580811157668672,0.1827538163939171,16,5
149,12,0.2772392537695636,0.6174034582152914,0.3528808491869224,25,18
150,12,0.13677379729885508,0.5527747043214208,0.2177249467107347,25,18
151,12,0.028507360820533092,0.6000193497902211,0.3537485349076961,25,20
152,12,0.28080699062744585,0.6681302477406028,0.37926760955224176,18,12
153,12,0.3205453981185572,0.5228617031617249,0.20575754309993766,16,14
154,12,0.31662903338408976,0.6494975060256475,0.2883267066769011,8,14
155,12,0.35506221180584735,0.611965661077665,0.15949930561236822,8,5
156,12,0.013147875320636444,0.7623330067081463,0.1948807988458072,2,14
157,12,0.21558509580934648,0.4231309053404387,0.39503468698828514,25,11
158,12,0.2962448685970753,0.7375274782043882,0.3538708034013449,25,11
159,12,0.08710520810200503,0.6944730865403006,0.2379019044516825,9,18
160,12,0.313758454362026,0.5956711267513927,0.1721114382638609,7,8
161,12,0.04000808286595114,0.5703931052270179,0.2432627201008261,13,14
162,12,0.09958307254906527,0.4607684727027319,0.28866614036316074,16,15
163,12,0.17065245221241748,0.5207582717331677,0.17441714404523467,13,5
164,12,0.10792265197645046,0.7761136838728497,0.22923100835620244,15,17
165,12,0.2771389873730026,0.5044302217487651,0.20083026004378352,24,20
166,12,0.22087452697537818,0.6650879778662117,0.32377012164194907,24,10
167,12,0.13233209651088162,0.4922342016250683,0.17731282275780874,18,10
168,12,0.16521944019598608,0.44427359746575773,0.372968901118635,7,11
169,12,0.35605131769457454,0.47798417904374885,0.3139762397662071,19,6
170,12,0.05380212041745581,0.4730839395312148,0.3155484468294122,9,18
171,12,0.1491868464161857,0.5729179297804309,0.15148273912378835,11,10
172,12,0.08279607977416881,0.6415398038459075,0.22955080711013123,4,11
173,12,0.19755085053921748,0.619710190890491,0.3179490704295409,6,15
174,12,0.33459576702315585,0.4583716190624894,0.37135791881832036,9,9
175,12,0.22274057814948336,0.5705901968751591,0.20545464110045325,7,16
176,12,0.24414745798906876,0.5644831063565178,0.2577534957882024,6,19
177,12,0.3007518796156288,0.795796323958875,0.3150357961374468,10,18
178,12,0.08609589833487603,0.7105925121669342,0.17400472972475917,23,17
179,12,0.18883930421724465,0.5315907702718887,0.3318684117252289,14,14
180,12,0.0598693887639821,0.4864330536956731,0.336380117731476,5,5
181,12,0.1729791992443,0.5542515298495437,0.2542263640161414,2,6
182,12,0.28905020441941687,0.7045339006968544,0.3796693903560659,22,15
183,12,0.0460661658811761,0.456815217246824,0.31128618114172535,6,8
184,12,0.1535667942989622,0.4513603971625142,0.2791433375580237,9,10
185,12,0.036204371489260354,0.7119552071876498,0.16619513255200752,24,13
186,12,0.30476503045718367,0.6034084916616955,0.17573046740635745,20,12
187,12,0.3818711135031752,0.4025255483462442,0.3025436770346984,10,16
188,12,0.029924377346047595,0.4068510630029053,0.2095234086860912,2,10
189,12,0.23406074579263073,0.6189012712960844,0.3469905649315801,3,17
190,12,0.18665491168242632,0.5571984817653891,0.35079837877384934,15,17
191,12,0.3644568389357109,0.5661257233316377,0.19019450494447074,22,14
192,12,0.199305931427707,0.5411232647535028,0.23002472530417994,21,17
193,12,0.00611470231754558,0.5436088457357121,0.15948601020685457,5,17
194,12,0.2816911092809828,0.6899995480787942,0.16700782788427657,19,8
195,12,0.3365246588447343,0.7814606917728903,0.3847314856224434,7,9
196,12,0.11357086147399517,0.5051945667852437,0.36936113005096904,4,9
197,12,0.24826993945139983,0.6906536409209005,0.16141418305864402,4,14
198,12,0.0070639785914316,0.704868722033824,0.2692199385696607,19,7
199,12,0.36946534905695055,0.6540732738493885,0.16072272505361224,22,12
200,12,0.0356385786641975,0.47635608183482503,0.2927271942610269,21,11
201,12,0.08702871476410821,0.6146000776867071,0.39476515118965333,7,20
202,12,0.3615022989827135,0.6602158239385105,0.21469523838258966,20,9
203,12,0.35321365873532096,0.4780706322664985,0.37744554547990183,11,19
204,12,0.014874808187503294,0.7851749952947336,0.28467350464106483,19,19
205,12,0.23896928524462607,0.6291822504433019,0.3116719675099147,13,9
206,12,0.31740239040321194,0.7613245107282637,0.2472903555852815,15,16
207,12,0.07657421452035636,0.6697167036546074,0.20596964627767758,23,9
208,12,0.23062537173836453,0.7672152913513224,0.3432023722935179,3,11
209,12,0.21360462492405316,0.48680763735125704,0.32887674931941513,13,19
210,12,0.18692606015348676,0.790086242764136,0.16574730455370115,17,5
211,12,0.1483197469836684,0.708670269349795,0.39203593877217136,16,15
212,12,0.03166658579153562,0.46795924372719383,0.2489331110967999,20,14
213,12,0.3187314817782004,0.5982595642089714,0.35485047107492734,16,19
214,12,0.35113760099462504,0.6417689411232509,0.3485981663930672,11,8
215,12,0.25436959801988446,0.5514141317435275,0.2756807679421135,23,12
216,12,0.2507050663039157,0.41656684305096764,0.2917591510706704,2,5
217,12,0.23656800780198245,0.5020378296739243,0.392221111625238,7,11
218,12,0.08147404180420564,0.45396127329630975,0.2274290676369006,3,14
219,12,0.0649315617470521,0.5262467824771476,0.327302631711566,12,7
220,12,0.16761695835073703,0.40949585167017616,0.3641000083067547,5,11
221,12,0.1514208598383581,0.5166924858369275,0.29932614343620656,5,18
222,12,0.1134934587398829,0.4722330061556469,0.35024200556835006,13,14
223,12,0.16986288911951924,0.6227964843922005,0.24444223861552775,13,13
224,12,0.14595673418210345,0.5564460726127638,0.2367986429582499,20,11
225,12,0.1438731784425757,0.7199545182142493,0.2780651983400654,9,16
226,12,0.3754673975646678,0.5384070969558403,0.2763883834074493,15,5
227,12,0.16253618918497215,0.7659926077273649,0.3610903528860325,9,8
228,12,0.18163155707529471,0.663406291053309,0.3480502706981976,11,9
229,12,0.33627746400529307,0.5291407602542944,0.3135361917545962,17,13
230,12,0.2772105555487823,0.6443341357619594,0.2721466465282956,15,13
231,12,0.05449411099339106,0.7963292697124218,0.3129253557985845,18,12
232,12,0.1507432444475274,0.5382250056474108,0.32175602875206044,13,20
233,12,0.055290494049336905,0.6064552951787618,0.3918856168850561,13,9
234,12,0.03706787262784323,0.7185322948965736,0.23844554714335806,4,12
235,12,0.34153851125468543,0.611740593728181,0.2957796519863971,24,18
236,12,0.3626469401888776,0.5648418251172238,0.3467031258303561,1,8
237,12,0.26593896088451,0.7738278002891137,0.3625676885167736,24,11
238,12,0.0832982312879068,0.5325080181065881,0.28525148259375016,7,13
239,12,0.370343524593461,0.5170865704468411,0.39088432930308825,7,6
240,12,0.350969160075598,0.5284987623831365,0.19681763478308567,16,12
241,12,0.02076564048436867,0.4107400061568447,0.36112635581718455,21,6
242,12,0.1156218565165301,0.43609206353555297,0.32909363270515135,7,14
243,12,0.16268967005840693,0.5060066678317278,0.31568618482679045,5,10
244,12,0.3880507282238492,0.6419639908093445,0.3116935771827628,8,11
245,12,0.026875827660475606,0.7654808680936026,0.15931841179839928,4,19
246,12,0.2462415015629438,0.4277680647327771,0.2824065999545574,16,13
247,12,0.12146018905615823,0.7981373666806546,0.36919283344545073,18,20
248,12,0.13608702113006782,0.671165780273042,0.2730113286863357,4,10
249,12,0.29924560664730404,0.5680750103866153,0.24152824904629996,20,13
250,12,0.02634250525015473,0.7392125078425119,0.29265152274067174,19,13
251,12,0.3376413347381585,0.5973495140961365,0.34972348061511443,25,5
252,12,0.12684771137940754,0.7702665571162068,0.32925585693851955,16,15
253,12,0.2995125892037185,0.5924985098108324,0.26079681490825923,7,12
254,12,0.35380518980144005,0.5559520590227771,0.362631801842046,10,17
255,12,0.34035511182957523,0.739346132048587,0.23338730396255639,2,8
256,12,0.28866842880005805,0.49444398616670954,0.31927984134495857,25,16
257,12,0.3604854819472464,0.7637466817697208,0.331751466224823,1,7
258,12,0.34054380456249844,0.6865609067554883,0.15911593645866795,11,19
259,12,0.1022533599722976,0.6716113071067957,0.37093199719057457,22,5
260,12,0.39835020343340805,0.5531581093381278,0.24394484982406756,23,16
261,12,0.00891665516620787,0.43336937605785053,0.1796416351392526,5,11
262,12,0.30128278671660796,0.5430529930048549,0.3847684572946244,13,18
263,12,0.1581457574804151,0.495862309379376,0.24254655598314465,10,20
264,12,0.27488911671316557,0.7880942906663159,0.17247844883716337,12,16
265,12,0.3184874698275556,0.5709579582983129,0.3943571763970778,15,17
266,12,0.3614475295270462,0.7329878229468577,0.3776711052752856,11,15
267,12,0.17293680352245816,0.5628656823453351,0.1963198179624162,3,6
268,12,0.1810584906978588,0.4414223617806848,0.17796118953584955,17,17
269,12,0.006074939195144091,0.6960531756516162,0.19587579188388282,24,7
270,12,0.33607136237719065,0.45183093868352486,0.22402102331344345,17,17
271,12,0.30997505596456315,0.7487773349033573,0.3581650883272989,9,8
272,12,0.15728664247336233,0.663540279941669,0.27764663030324555,12,10
273,12,0.39243589839564097,0.6101204051397021,0.3051470281772267,9,5
274,12,0.2763821151029487,0.6899689172248766,0.19710865198008604,12,8
275,12,0.37351488868745386,0.771130686679375,0.2578106043756132,19,14
276,12,0.31451975940011023,0.5192463885307417,0.30488595955551756,15,15
277,12,0.09915040057630077,0.41146960463948556,0.38645672207666726,16,20
278,12,0.39372571909383147,0.7413151493608784,0.25247263648911367,7,6
279,12,0.03668129343039498,0.4358368381743234,0.2941901250376857,1,13
280,12,0.01829911638769382,0.7671951252254328,0.2987783495424319,22,15
281,12,0.3751683696326837,0.5244492611000597,0.27825500138505477,23,10
282,12,0.06732133469242868,0.5652808139031525,0.18173470267857708,1,18
283,12,0.32696165030192975,0.4561047661854738,0.1764113173698016,11,17
284,12,0.018962468196999597,0.4160584523763502,0.21111188038567535,23,9
285,12,0.19669249066803052,0.49270206878535516,0.3607580227059455,25,6
286,12,0.20594722972678323,0.5976423727646287,0.19185724560456163,19,6
287,12,0.15160266203304734,0.5134624102235885,0.36527473361574486,25,16
288,12,0.051744666917098774,0.6486457507743224,0.3873181487525258,16,12
289,12,0.05529604259745084,0.6705030324286341,0.20622234671491796,4,8
290,12,0.19721126476124695,0.7580789864549272,0.24223364833136446,15,18
291,12,0.2807669159042551,0.42333806551537734,0.29626693420355166,4,6
292,12,0.04440924708598238,0.46881227999791447,0.3390531791497292,25,6
293,12,0.09417390380606498,0.5884222167703049,0.26790338525039015,12,14
294,12,0.2746474349508786,0.7935802628015673,0.18300092809547155,1,9
295,12,0.39191768870571225,0.5399197725219189,0.15952650252093115,10,14
296,12,0.14847162649216814,0.5438079209736689,0.2972155511677521,17,9
297,12,0.16505687146556053,0.705047933256218,0.36834099119346053,9,18
298,12,0.16852506252609173,0.7684754210022613,0.2815308117528926,9,6
299,12,0.37296537985910233,0.6236667908417453,0.1541779190026289,19,11
300,12,0.1740436486778565,0.7728704422651123,0.17119559121888264,5,11
301,12,0.07739510167572237,0.728229458398016,0.2741628402507066,17,6
302,12,0.25064929735279384,0.4147161798471753,0.24144659941020255,15,15
303,12,0.1366614730561383,0.7728567661301398,0.39893655431548214,17,14
304,12,0.160865729147011,0.5257298496482037,0.2889778590911449,13,14
305,12,0.29265239856179254,0.6435565752136376,0.21791511591328483,18,8
306,12,0.30366026680566377,0.6850270397279701,0.3231530338213551,12,9
307,12,0.10364975451532668,0.6680090608753791,0.3287479794997651,13,20
308,12,0.2423874570174166,0.46258015702573974,0.29102955832803745,4,10
309,12,0.07121681178582773,0.7414494481941902,0.2789632758495627,25,16
310,12,0.051576768353734,0.6635111301904669,0.24680497752105793,24,11
311,12,0.3406120089465474,0.5350827972186769,0.32960144687564846,4,15
312,12,0.1147830803747464,0.6966406151366326,0.18015352440443283,13,11
313,12,0.3728095434166806,0.7627239482535055,0.1776478560969122,20,5
314,12,0.05736665912344114,0.4469618946804475,0.3881953054512615,2,12
315,12,0.3836804489444357,0.5298168682684783,0.2027597442937197,18,10
316,12,0.2826705256624879,0.7359493973859884,0.2489252773335722,4,18
317,12,0.2636311818266713,0.7047935339292487,0.3634413991229332,5,8
318,12,0.14971515824079543,0.7063001423069548,0.23919239275161924,13,13
319,12,0.32248601369427105,0.5959911949755595,0.2913857126407856,7,19
320,12,0.29177694222268785,0.6480668613280396,0.2576850391209574,18,10
321,12,0.2922994401499186,0.6062142273978011,0.1816416119361705,10,10
322,12,0.11176910495947807,0.5973867948567149,0.39838082791281765,2,13
323,12,0.27165335895640336,0.48536008966037886,0.1924180404186041,3,5
324,12,0.16522419471739827,0.5212919354695338,0.26046771273251723,23,18
325,12,0.2277327715372013,0.553965457770621,0.23511847924791862,16,6
326,12,0.029642393813534736,0.5248593114804467,0.29895589478570234,5,17
327,12,0.23037100453377848,0.7643847447705898,0.33326699297542806,13,7
328,12,0.34052182885432564,0.789993753363472,0.15133464670565192,23,10
329,12,0.3825917782109508,0.7426680989967042,0.3287019343467193,10,17
330,12,0.19115476741744183,0.6686774784258707,0.3465093660145907,24,13
331,12,0.2616080817766841,0.4602502042311729,0.2964146124493007,19,10
332,12,0.17786158177390626,0.43872064803116506,0.3256806413542088,21,16
333,12,0.3895337847118084,0.4897205538144859,0.28784789305144975,2,7
334,12,0.1442315200274261,0.4540787163033525,0.28403250649566936,12,7
335,12,0.32532067338367837,0.6888795542078424,0.1753165296334904,12,7
336,12,0.017571907591913308,0.5515090008093765,0.3610312583176848,9,19
337,12,0.2082593102356783,0.5348426539475952,0.2721906754386145,8,10
338,12,0.30605131132255997,0.7185182834449352,0.2188157453965775,18,14
339,12,0.17053085219026148,0.7439894182318916,0.3307454969586273,23,6
340,12,0.33048163430360283,0.49171980587505426,0.20141968307948416,10,20
341,12,0.27419850613957597,0.5534992275644585,0.2515323242620141,15,18
342,12,0.16857206750682252,0.4067108806880755,0.20305106434489834,23,19
343,12,0.26500634158653574,0.5834615800250834,0.2923336812067512,5,15
344,12,0.30199477422921644,0.4826177868417243,0.2330360803526754,14,9
345,12,0.3226859915441601,0.6592191386976275,0.22331442523582265,14,10
346,12,0.09572337897297183,0.7509458653533054,0.23586231427842128,20,18
347,12,0.33840214142574326,0.4562821071884233,0.2385610121503596,13,10
348,12,0.30296729393538097,0.5089032469109038,0.2932202223621759,4,9
349,12,0.0748332294249482,0.7807896576468337,0.3942567062298671,21,10
350,12,0.04205689378646379,0.46409807271375075,0.3407647824486073,14,20
351,12,0.18325281787020153,0.7970292530597314,0.3907812367198106,5,13
352,12,0.04106776827287447,0.5926020399081514,0.39796320213903147,15,16
353,12,0.03696368685000064,0.7416556621298354,0.26743053493687186,15,19
354,12,0.2346442133836078,0.44073619147696247,0.3223450439098765,21,18
355,12,0.36455132065778006,0.6349265555698724,0.3323181622729433,4,16
356,12,0.3429390440821658,0.4655254676248947,0.2993339740458649,5,8
357,12,0.08923185377020419,0.7231151607110458,0.33751933140523926,15,18
358,12,0.0747415925321127,0.5478772415393185,0.19121516040480915,15,20
359,12,0.32118903251773273,0.782099983341451,0.2466509126005102,25,5
360,12,0.04058250460605269,0.7521369198504891,0.21846067113306333,5,5
361,12,0.1952322508129854,0.7630809244670831,0.3115727428836167,25,15
362,12,0.13972228224426045,0.45156184152717055,0.1562969501220088,12,11
363,12,0.0037595740194498023,0.6234901210526123,0.3325588821246276,21,6
364,12,0.31499214982959745,0.6324033325094705,0.3677265171349461,18,12
365,12,0.17134190952082728,0.5113356652437281,0.30394397566008147,10,6
366,12,0.2442353884168227,0.7186009424111499,0.25711015342199617,12,6
367,12,0.22047982590786525,0.6581601629675913,0.36394531269308406,3,11
368,12,0.348194673185548,0.4780217982670017,0.34940394939264585,18,15
369,12,0.05298669391742501,0.670906963400314,0.38587202269577314,14,5
370,12,0.3440986309295966,0.49385981776857446,0.23231691856910422,22,13
371,12,0.10747349372690793,0.5017484210362834,0.38645017394005177,10,14
372,12,0.00821770546579121,0.4033895209077563,0.29659482075798016,21,16
373,12,0.11044143109778037,0.7930859633863387,0.28449516497245386,1,8
374,12,0.09232140431050796,0.6413656706732856,0.2857481896961952,20,11
375,12,0.13266791729123234,0.49223581416067724,0.18462028919837878,10,18
376,12,0.3880818224170532,0.43151789956900044,0.2985889345365319,2,9
377,12,0.23626796863798114,0.535704826413522,0.22095123989624127,21,9
378,12,0.39574990092162377,0.49214057657600074,0.325003967786648,6,6
379,12,0.08516672132593046,0.6091767391186073,0.2809151086062738,10,19
380,12,0.2740779740558919,0.5731294071767064,0.38550445612763584,18,12
381,12,0.31138526603523814,0.48838002564765004,0.25733283215842884,2,10
382,12,0.25406830793669377,0.6385605121938399,0.3404438140422623,21,5
383,12,0.1439007431040131,0.4632215253322991,0.3093170009228569,5,12
384,12,0.2081353681273478,0.6022556824905025,0.206406025716522,15,10
385,12,0.16207840902395554,0.7774300337110529,0.2344843739181868,4,5
386,12,0.32275993463910274,0.4851007500657016,0.1640748908867604,12,8
387,12,0.3082585912212061,0.7327075829762779,0.39579659273728907,11,10
388,12,0.3454113131025104,0.5305702899217876,0.3631612207051885,25,7
389,12,0.28482532930900156,0.7636807744751326,0.3911945109722218,6,8
390,12,0.07382118581546042,0.6635207275471433,0.2923370937810265,14,19
391,12,0.32021709800960707,0.5870587628751559,0.20891518176526666,16,9
392,12,0.05584953778877245,0.7551833903121195,0.24775448412982656,8,20
393,12,0.21089332914216585,0.5821777287011568,0.2710101755262083,4,10
394,12,0.23419596060017156,0.753597282841707,0.1762625026998821,24,16
395,12,0.08657776137539663,0.7377268491024245,0.25053661308747266,8,9
396,12,0.17896082319450562,0.5988178651353787,0.292321427977997,23,10
397,12,0.3035312734017823,0.602111476410678,0.31180499802206024,7,19
398,12,0.1595722810194995,0.7069188558776434,0.3650057073196775,15,9
399,12,0.15340436095299806,0.7601663699348431,0.22801216954991363,1,9
400,12,0.023250979866456894,0.7168479946095232,0.19550845584853493,18,7
401,12,0.08517514772327721,0.7618855658766779,0.384465333548226,16,9
402,12,0.10935233997059854,0.6112124259356393,0.3905888444238679,22,20
403,12,0.20235816914568183,0.4751386575462331,0.31358176772946833,7,14
404,12,0.14916698409661988,0.5939981579389451,0.22815646647985344,10,17
405,12,0.08604013433891376,0.6801518180876738,0.20084971882036967,12,20
406,12,0.04235740082874474,0.5938549381125775,0.20602875666033793,13,9
407,12,0.2600246908491488,0.5170847826105893,0.24247151251502197,18,9
408,12,0.18411669518045107,0.6936057800822004,0.16320834069726786,20,13
409,12,0.003392648871701304,0.7606770883489276,0.24526494304112617,15,5
410,12,0.33260916013238717,0.6116486371015205,0.3404363166999304,21,13
411,12,0.3492000279915894,0.40506710866758916,0.27076144817341935,25,15
412,12,0.09146858831012485,0.5531930253806148,0.16987644976097618,17,10
413,12,0.2739637492822781,0.60924641311491,0.34539330084808184,4,14
414,12,0.2544926739348375,0.48559160910401133,0.1974552042030968,14,11
415,12,0.14306103534996908,0.6262602870238853,0.26286603620913,20,17
416,12,0.3286926163211717,0.528953820088333,0.30841670891184425,18,20
417,12,0.3243534209654236,0.6698299920325782,0.16817981901505352,22,12
418,12,0.3329662043175907,0.43192913825371443,0.2641953753464136,1,15
419,12,0.07741475016340614,0.6927277034302751,0.29473808857430206,15,13
420,12,0.3565756076507598,0.5841060466797247,0.303668319040393,1,19
421,12,0.033729356994542714,0.5071029877558202,0.31650453087457087,22,8
422,12,0.15545854239787255,0.613191131633332,0.17309820594500222,1,13
423,12,0.2390410922942105,0.534884850280764,0.3765366710603403,11,5
424,12,0.3923614141614926,0.4354886852715285,0.2436836585930265,1,15
425,12,0.247339636574024,0.7549366193827141,0.19596185740335773,16,14
426,12,0.06605505130892193,0.5241684171325343,0.3791371607610671,12,12
427,12,0.2615699903805934,0.762151136655883,0.39125954510383393,23,18
428,12,0.31567555787084794,0.41203775996123787,0.1565383186817515,18,7
429,12,0.033131531434995906,0.4684290680329792,0.2591141169087795,17,17
430,12,0.06445880290338721,0.5303142423740638,0.33039704602604225,25,12
431,12,0.17849439362477568,0.746765748218354,0.295293051684698,11,9
432,12,0.18012251963649853,0.6204451584155025,0.2980427664016852,3,12
433,12,0.3384605989128236,0.7088929186136239,0.15056955702073593,19,17
434,12,0.014291377329830848,0.6323674704749753,0.29071400797606567,7,5
435,12,0.09646792452695838,0.7630853496978274,0.2681947761236588,3,12
436,12,0.05559293229444503,0.4290954286728026,0.24202274399105508,4,5
437,12,0.06754373408150499,0.6001901847040322,0.3639310156425186,3,8
438,12,0.34016494343392273,0.6947488267519943,0.3356173634452103,7,12
439,12,0.18639960302070618,0.4885770192960159,0.2223861985567073,3,17
440,12,0.22604961324866688,0.662530953913743,0.3541302704721658,13,6
441,12,0.15843547960943916,0.6647478023763029,0.37761057303461154,2,13
442,12,0.28201503195187105,0.5547293322677925,0.27999995304835235,23,12
443,12,0.033566872693215816,0.7974488193580975,0.20538104118110045,12,11
444,12,0.3576452082065195,0.43470324615008027,0.33000994708263115,2,6
445,12,0.3611372150393647,0.7917006831863548,0.2954794339566217,18,18
446,12,0.22502532576436185,0.4495341142306497,0.37941917096999955,13,8
447,12,0.08467682507267915,0.49646455700084463,0.3837608205810934,1,16
448,12,0.06138795990957768,0.7565765959339305,0.16556710900238625,9,15
449,12,0.015078494822988477,0.4573729087947789,0.2274408828079089,21,11
450,12,0.18295357810209012,0.6658004402076173,0.36969043276049474,25,17
451,12,0.3329255442756457,0.6568500001426614,0.3037417428832288,25,17
452,12,0.2170912491542004,0.5831487887322178,0.36148512971656105,17,11
453,12,0.34579541063954283,0.40534659134070555,0.2605731613351633,2,15
454,12,0.2566509844772266,0.4225766801486195,0.39028904571821055,17,14
455,12,0.31940993594884437,0.4127874441900874,0.18661013034439394,14,20
456,12,0.24551644754907617,0.6526775221410672,0.19941197132650404,10,11
457,12,0.30366495698147034,0.5613649487479228,0.32057897916340017,12,9
458,12,0.11600422751633109,0.6449927607835156,0.36772493799504324,19,7
459,12,0.35997528035931575,0.6576984535435586,0.29271899221941955,18,14
460,12,0.35746851236217025,0.4326444017113026,0.2809436664643,13,12
461,12,0.2379049233522745,0.4834883298947413,0.1586380030162756,7,13
462,12,0.34865539829589015,0.4272419210941552,0.2574045321967441,7,16
463,12,0.3576092808707909,0.7312967037443693,0.3492824922392288,2,10
464,12,0.3760742882001011,0.5829738229214896,0.3296412207587779,23,20
465,12,0.3704583006753966,0.7448710173339947,0.18071210928907236,17,8
466,12,0.02888197623570932,0.7598794600445736,0.1907776972788032,9,20
467,12,0.2931461781861107,0.5752311480038236,0.24500461225603345,8,14
468,12,0.3866722706961101,0.6747499175003782,0.38058646577237554,11,7
469,12,0.3598693740564464,0.6678334895138408,0.3228050157858059,21,8
470,12,0.3346681193620576,0.7484909758577913,0.2686604118971543,1,16
471,12,0.0611813088955523,0.4233089855573833,0.34520832380945876,10,11
472,12,0.06485356715342767,0.4543162164285477,0.38912727485468734,5,15
473,12,0.1469859412730199,0.7986887573196619,0.35679083862277444,8,18
474,12,0.2426817523692499,0.46328596427446894,0.23924357352195968,17,11
475,12,0.11487557334482931,0.45310710012160876,0.22900666369800457,22,14
476,12,0.2285229767270573,0.6722903304432168,0.22647490234685094,5,12
477,12,0.12666941008544805,0.7206827593742076,0.3980281755540571,10,16
478,12,0.19555717577468482,0.7331885834613269,0.15449389070507136,3,9
479,12,0.2940945444725409,0.47284900721195616,0.2693870542295951,23,6
480,12,0.010324318303849053,0.4552901963764092,0.2790551700883513,13,7
481,12,0.24728509578524907,0.5451541660948537,0.15243502329973008,20,15
482,12,0.16144440979588284,0.6308097390573764,0.20333133698826494,21,8
483,12,0.02927233775435742,0.5643535028236535,0.36520229159526607,21,19
484,12,0.3127800242002566,0.40780508646719826,0.17743275490122185,24,5
485,12,0.3150074826109593,0.44457458755400725,0.19376947950926174,11,16
486,12,0.25359121202059537,0.7243700699115427,0.2992172881778306,5,17
487,12,0.2479754783553882,0.5152669025699348,0.2528742794321197,17,16
488,12,0.2603663529116937,0.5916746495459854,0.35229084215625106,11,5
489,12,0.266451935219809,0.4828464219009373,0.3095518096906799,23,15
490,12,0.19185920927633496,0.7695988315300463,0.18014150848124252,9,16
491,12,0.04223171708927859,0.6896598703743761,0.16472969827642092,7,18
492,12,0.25285208337951665,0.5030835894978677,0.2639124796182651,24,8
493,12,0.2899352419094857,0.7053401579303588,0.21181872446859376,18,8
494,12,0.32111295619876,0.7111028186800058,0.3007974403251946,23,5
495,12,0.08854436624158979,0.7354573037079545,0.3748046907604763,14,11
496,12,0.08638912364061496,0.737814509179562,0.24809641354197892,22,10
497,12,0.1985405145362318,0.7961931152819204,0.19560989321140868,5,16
498,12,0.11792396819053265,0.4835425456418967,0.2637770248720094,5,15
499,12,0.08390701838235383,0.681223555174298,0.33340490228676734,15,9
500,12,0.0851118958882439,0.4878889811419166,0.24873692595914176,20,9
