sensitivity,qopts,sensitivity2,spread,minpts,shake_frame_ratio,frame_skip,accuracy,precision,recall,specificity,f1,balanced,tp,fp,tn,fn,time_s
0.05,0.1,0.8,10,20,0.1,2,0.7083333333333334,1.0,0.46153846153846156,1.0,0.631578947368421,0.7307692307692308,6,0,11,7,65.9
0.05,0.1,0.8,10,20,0.15,2,0.7083333333333334,1.0,0.46153846153846156,1.0,0.631578947368421,0.7307692307692308,6,0,11,7,70.9
0.05,0.1,0.8,10,20,0.25,2,0.6666666666666666,1.0,0.38461538461538464,1.0,0.5555555555555556,0.6923076923076923,5,0,11,8,62.4
0.05,0.1,0.9,10,20,0.1,2,0.7083333333333334,1.0,0.46153846153846156,1.0,0.631578947368421,0.7307692307692308,6,0,11,7,61.4
0.05,0.1,0.9,10,20,0.15,2,0.7083333333333334,1.0,0.46153846153846156,1.0,0.631578947368421,0.7307692307692308,6,0,11,7,97.1
0.05,0.1,0.9,10,20,0.25,2,0.625,1.0,0.3076923076923077,1.0,0.47058823529411764,0.6538461538461539,4,0,11,9,89.6
0.05,0.1,0.95,10,20,0.1,2,0.7083333333333334,1.0,0.46153846153846156,1.0,0.631578947368421,0.7307692307692308,6,0,11,7,66.9
0.05,0.1,0.95,10,20,0.15,2,0.7083333333333334,1.0,0.46153846153846156,1.0,0.631578947368421,0.7307692307692308,6,0,11,7,79.4
0.05,0.1,0.95,10,20,0.25,2,0.5833333333333334,1.0,0.23076923076923078,1.0,0.375,0.6153846153846154,3,0,11,10,75.6
0.1,0.1,0.8,10,20,0.1,2,0.7083333333333334,1.0,0.46153846153846156,1.0,0.631578947368421,0.7307692307692308,6,0,11,7,75.7
0.1,0.1,0.8,10,20,0.15,2,0.7083333333333334,1.0,0.46153846153846156,1.0,0.631578947368421,0.7307692307692308,6,0,11,7,65.2
0.1,0.1,0.8,10,20,0.25,2,0.6666666666666666,1.0,0.38461538461538464,1.0,0.5555555555555556,0.6923076923076923,5,0,11,8,59.7
0.1,0.1,0.9,10,20,0.1,2,0.7083333333333334,1.0,0.46153846153846156,1.0,0.631578947368421,0.7307692307692308,6,0,11,7,62.0
0.1,0.1,0.9,10,20,0.15,2,0.7083333333333334,1.0,0.46153846153846156,1.0,0.631578947368421,0.7307692307692308,6,0,11,7,61.8
0.1,0.1,0.9,10,20,0.25,2,0.625,1.0,0.3076923076923077,1.0,0.47058823529411764,0.6538461538461539,4,0,11,9,60.5
0.1,0.1,0.95,10,20,0.1,2,0.7083333333333334,1.0,0.46153846153846156,1.0,0.631578947368421,0.7307692307692308,6,0,11,7,59.7
0.1,0.1,0.95,10,20,0.15,2,0.7083333333333334,1.0,0.46153846153846156,1.0,0.631578947368421,0.7307692307692308,6,0,11,7,60.3
0.1,0.1,0.95,10,20,0.25,2,0.5833333333333334,1.0,0.23076923076923078,1.0,0.375,0.6153846153846154,3,0,11,10,64.7
0.2,0.1,0.8,10,20,0.1,2,0.7083333333333334,1.0,0.46153846153846156,1.0,0.631578947368421,0.7307692307692308,6,0,11,7,77.2
0.2,0.1,0.8,10,20,0.15,2,0.7083333333333334,1.0,0.46153846153846156,1.0,0.631578947368421,0.7307692307692308,6,0,11,7,315.4
0.2,0.1,0.8,10,20,0.25,2,0.5833333333333334,1.0,0.23076923076923078,1.0,0.375,0.6153846153846154,3,0,11,10,64.5
0.2,0.1,0.9,10,20,0.1,2,0.7083333333333334,1.0,0.46153846153846156,1.0,0.631578947368421,0.7307692307692308,6,0,11,7,82.0
0.2,0.1,0.9,10,20,0.15,2,0.7083333333333334,1.0,0.46153846153846156,1.0,0.631578947368421,0.7307692307692308,6,0,11,7,92.3
0.2,0.1,0.9,10,20,0.25,2,0.5833333333333334,1.0,0.23076923076923078,1.0,0.375,0.6153846153846154,3,0,11,10,94.0
0.2,0.1,0.95,10,20,0.1,2,0.7083333333333334,1.0,0.46153846153846156,1.0,0.631578947368421,0.7307692307692308,6,0,11,7,74.3
0.2,0.1,0.95,10,20,0.15,2,0.6666666666666666,1.0,0.38461538461538464,1.0,0.5555555555555556,0.6923076923076923,5,0,11,8,70.2
0.2,0.1,0.95,10,20,0.25,2,0.5416666666666666,1.0,0.15384615384615385,1.0,0.2666666666666667,0.5769230769230769,2,0,11,11,69.8
